{
  "feature_names": [
    "Flow Duration",
    "Total Fwd Packets",
    "Total Bwd Packets",
    "Fwd Packet Length Max",
    "Fwd Packet Length Mean",
    "Bwd Packet Length Max",
    "Bwd Packet Length Mean",
    "Flow Bytes/s",
    "Flow Packets/s",
    "Flow IAT Mean",
    "Flow IAT Std",
    "Fwd IAT Mean",
    "Bwd IAT Mean",
    "Fwd PSH Flags",
    "SYN Flag Count",
    "ACK Flag Count",
    "URG Flag Count",
    "Down/Up Ratio",
    "Average Packet Size",
    "Idle Mean"
  ],
  "class_names": [
    "Benign",
    "DDoS",
    "Port Scan",
    "Brute Force",
    "Botnet",
    "Infiltration"
  ],
  "seq_len": 16,
  "log_mask": [
    true,
    true,
    true,
    true,
    true,
    true,
    true,
    true,
    true,
    true,
    true,
    true,
    true,
    false,
    false,
    false,
    false,
    false,
    true,
    true
  ],
  "scaler_mean": [
    14.033031619014219,
    2.5246398202050475,
    2.341569161484949,
    5.650041851825081,
    5.007587069468573,
    6.637919183601626,
    5.992631036126986,
    8.738250736744376,
    3.201537927869813,
    10.882975981812924,
    9.953104632077958,
    11.760158247863874,
    11.940385834360494,
    1.91818359375,
    0.4233984375,
    12.00365234375,
    0.0144921875,
    2.1841400807949665,
    5.743180044470355,
    10.182463420219719
  ],
  "scaler_scale": [
    2.389097076023832,
    0.8998910513738831,
    1.1942334821354885,
    0.741154741488199,
    0.6725680170039205,
    1.3022125725222997,
    1.2588274565692454,
    1.9542137094820418,
    1.950710837749987,
    2.1997713299926045,
    2.7118405369406116,
    2.518343526483367,
    2.050905460238848,
    3.4320589639324246,
    0.494097359457178,
    14.665186719034779,
    0.11950800810601814,
    4.763798396721039,
    1.038093549699064,
    2.9591977124479194
  ]
}